,id
442,bce104494c
2317,eff595dbcc
3983,877d1a7ebe
237,84e540208f
1856,6db821bf5f
3144,d1f7d2876b
3744,0c62dfc234
2583,95f6e2b2d1
507,875dda3975
1870,33b50159a7
3213,296a04bc06
758,fc250f574c
3126,9a1fbef3e3
832,16b2119ffa
2744,5c616dea00
506,2a9190ed84
1566,739a9ab34a
2049,3358462c1b
688,89e7c93d0c
3347,e2063ce131
3741,5ebe9e404d
2886,3ee4de57f8
538,9b3d4b0379
2168,bb9af788f8
662,a554d2d4a3
1202,f85a85710a
2296,9e426ec524
907,50251a9572
2393,4848a3a509
1037,3480629331
2747,ee5e9e4570
2888,70d9a282d1
1493,8b44342fd9
3369,df56e7aaad
3004,6c4568e51c
2836,30bb4cd749
329,f4e6928ad4
2568,a1e3e1af04
3147,50b3aef4c4
1677,930183efe5
2312,e61d42e6cf
998,f41a025b6c
1195,27870bb184
2513,ceca04aa2a
2707,00441f1cf2
2254,45f31c81d4
3738,92d9025a37
54,09ee5831f4
3370,2a00ecc904
3368,72e05a5a33
151,a783bd82c5
1580,9382a047a8
3803,eac3fb300e
1941,7a6d32bcae
3834,a9a9fb1747
2203,2a71003f75
3401,6c5b8b3950
1188,f503aaf699
1667,a59385755d
3839,80694aa70f
647,082d2910a8
2726,a9df598e16
276,6b5b7c0ff3
2990,62a0ee9480
600,f9d8f014c2
400,7eb42fe5ec
1290,3b9586e2ff
480,46dd77ede5
3332,5f397e0074
2914,b1e590d1c9
2572,ff9b7d0d2e
2915,24a8ae9bb9
762,df32c11fe8
2374,78c50b3977
1780,14152a6731
2103,f62410bce9
301,a3e89a273d
718,155bcd4b4d
3653,c385af3da9
3403,06c2c49688
2407,7b9facc0aa
3520,77c695369e
960,e12cf83477
3127,91bb8b5dbb
3531,d84e52cb6e
3432,01c033e116
1483,960f92cf81
1682,0df9f16bc9
321,770af4e501
3102,3dbbc237c5
173,4766b51055
4,6306dd3a8e
967,03511989ac
369,86365721e2
504,cd6140444f
1327,abcc448c24
3596,c9a1fd48f6
3951,e6caf5eb81
167,578aefa47e
3640,27e12cbcea
1247,9b4aa94aed
2843,0bdd44d530
3611,65dc362682
2403,8dc946b34d
3883,2a6477aee8
1606,00950d1627
2396,c69962cd9d
1283,b2d7897c35
3512,9f0ebbd210
3121,7e78a47cee
278,1a2d060823
2134,d73e3ccdec
1829,70c92bc80f
467,f57cb32d6d
1246,a9e940dccd
483,e199174d64
460,40d01e18a0
2905,020678ec1b
3467,5e95137d5f
3598,fcf5137a10
921,6abe55deaf
1711,10aa115164
2813,cf706fb35a
672,a8247ac73a
2039,a685e6f87e
1916,a71bdf1af7
3115,74d1d03fc3
3830,9bf982cf65
3672,ff1e8ed948
1498,228f9cee2e
3573,e5c26c8634
2978,b33e244157
445,e358121d19
1614,728890d8f8
2528,b9614348f4
3105,4e89a919ed
1502,86a772adb1
3642,939879034e
2206,8e13060816
197,17a8b7e7f3
16,dd580d1681
2345,849f39dcbe
3340,0c089f7c1b
1956,0f9beb1453
2753,cddb50fb4b
2939,b9fcc34ef3
2676,75d70e2411
1429,bdb9ba462f
928,7dfdf6eeb8
1551,25bbbcd4a4
1594,2ff32a1188
736,800daf6ac1
2991,9bf8f84094
3018,d6e2bb1586
2340,c0a37fef54
1394,bb455284f1
3000,ce1f9711bc
3174,b014624db2
380,fa08ffa6fb
2315,75c554378e
2833,01c2045d03
947,20b26a6ea7
692,cae4ec68c0
694,fcce81906d
2234,06d21d76c4
1818,48d81e93d9
56,f0d15c63c5
3881,44ac5b2526
3786,9c6f8e4676
2966,638e7a825e
908,cd5cd074f1
3274,d6437d0c25
2801,d66e51d456
2681,cadfbf8011
3938,b6f907680a
697,0401ae15d3
2046,7f5914b74a
3352,362cec7849
1192,1b9865501f
3507,893bd55371
2969,457f80b1c5
1900,bf73cacab5
3810,3187bf5c2d
2042,a7f7a964f5
576,b06fe13f54
696,f1e4acdd7b
93,340fe814a3
1527,11a54f2eff
990,858f01d368
2354,95af8ca744
1367,05be75afd9
2714,02206b234e
2132,23bbdfd154
3908,cb2698f715
918,4520536c03
1781,b70f0ab0c2
1310,9c08332067
3097,7c7125fd12
2361,944b46458e
150,7b5d5d40fe
205,1c02222ef8
3621,6b0688f33f
498,de15d35ebc
71,d0cd29a61b
3657,3bd3216e16
252,fb1e8578cf
930,3fc79d2ece
742,de091953f9
1208,737e6513c8
571,31aaa04c63
1952,4bb8260218
3726,ce16b0d0bc
2236,8b01d00cb0
2687,85e6b4cb1c
943,4ef0559016
1928,c98dfd50ba
1255,2b2fc71ee1
3509,6c91546a57
1703,335474f8ec
3410,13209940d7
2977,03be56aa9a
3067,a3079aded1
881,c82dabf9b1
3257,0b45bde756
2694,f2d668f7e7
1216,b3396387a6
1764,0f613bd191
342,7d5c34a95a
2877,0a18b314fc
1957,97b058f254
1136,8b0d0b0633
1130,da84ed2423
1074,ad2fa649f7
1938,aa1cd9fb71
1585,2c3c64402e
2210,782ae9b7e7
941,302ea1ac81
3397,680ce5b666
2832,ed66549524
1167,45a7562dbf
1975,d2b40a2781
341,bfbea83faa
992,e2ba31c4a5
2432,7ed79f8f56
772,0c62ed4494
2057,702209f0b3
1289,045c5516a2
3030,7cf386709a
2575,778a92f420
3111,0faaf196b4
3942,bf294b9661
539,19bd49e478
405,8ca104baef
3516,72c2499de9
728,7c2609c66c
871,71a5b1da57
2973,d58653f803
1635,46673b0e2d
528,20894faad9
3498,edea91429d
2394,0eb52aa52a
2932,594712691d
1554,299ef808f6
917,7f0bdb5e31
3199,520fdf987c
844,eb3a40225e
240,5575337f66
2992,d9a52dc263
1996,a163126d96
111,bb1e7f303f
3228,0937b1df3f
126,e3e1afe993
1424,6b2f79f6ff
2490,efc705478f
2803,c3a963f5e3
713,ede9c03a6f
1084,da94055b53
690,ce3e6bba2e
1717,17dd87aefa
225,203f6117be
710,c137712b61
3850,6ed0ef14db
1617,3e8b5729dc
1678,9ff59d834b
3089,81ab8c6bb7
2959,9bbb4c7c34
1791,84b5568c2a
505,3cd0ce6e18
1014,fdabdc4399
475,c20c019650
852,ae2ef70d51
982,0108518d1e
3904,96cc5caec0
2285,3ec30a713c
3222,7b79d341cf
3166,db819c45e5
1871,d752eaa82a
105,3c30b8e27b
338,30491b379f
2000,2a26fb616b
2424,c920246511
3074,bb1743a571
2933,f057258486
2772,a536f382ec
2590,2ae425e5a3
948,7de95e0115
3616,7a095f0b21
1250,2d3c0a68f9
818,bc3f2b82ec
381,c571804a93
1086,4f62a5bb14
3035,c6612326fa
3856,39f101a807
847,81c1149163
1533,1401f04c4b
1738,e1009fa370
3806,7f0ee9c30a
3265,e045664b46
221,071c81c9ad
1341,66c603a013
3241,b40457631c
1076,ea7425da00
2489,0deadce8f1
3923,ff89e5e3cd
1517,61b42f8f0e
915,a7b1f4bae1
1330,d56050d3ab
119,c2485cb6c3
1622,3df62de11d
2558,7b596fc561
253,c353af5098
3312,10f24c23af
2346,ef51bbcde7
1139,9492db510d
2913,1d80de2ec9
193,9ba564058f
2081,340c808130
535,9e9f3940a9
1544,34bfcfa11b
3455,3d6d400816
759,9694a662dc
1878,565d2342f2
2867,859f623d32
3418,4743e3bf8d
853,cd249859fa
1361,66c61616cc
1418,28a1187a4e
3037,4b522e501e
1538,5187e13789
224,f1774ff8e8
1901,b552fb0d9d
3989,6ac91c75fc
133,e0c136dc8e
3433,1d7a812c76
2328,46b424e067
1073,475fafb8e2
629,077cb8696f
1542,f8ba90c991
3,c78c89577c
1506,387b6956c4
3755,12e94a5a08
1419,263bd9dfd6
3406,6fc88fcbed
2363,96523f824a
1182,a0729c7a02
465,60d3607be2
1868,b012e9ebb0
2080,5ce554e890
3731,9c298b9575
1124,0e53e6294a
1692,2bc8a3db3c
1549,b183b2ddc4
373,f9645c1acf
3605,52ae147d60
184,36a6901cae
1046,0497f2d447
2526,83645a3b6f
2160,6a7506aa1e
3237,b833fdb882
989,5f98029612
1943,95a60e2f42
3009,7cc53fe88b
3814,2fc6fb555f
527,4433b159db
3502,3c10a71f62
1281,4210e9e5d3
1413,6c61beb5dd
3065,f0c401b64b
2602,5b7c160d0d
3877,90704ffe69
3377,7db9b53d89
1500,1f6afee5ca
2059,a659530342
2659,7ec839af45
1161,c156fd6d44
944,ea2d80c951
166,e2f397d206
756,dc05ed2596
894,5f48c8c123
1437,d2522cfc93
2344,cabe5c94b2
1979,258a5db63e
3751,8e9f2b9b61
3440,1544a0e952
2265,ed46821aa5
2987,e7a5e5e55f
3212,92e617896e
3264,baa743f4b4
1831,dd87f1a21f
2807,190ea39ec4
2060,d47c78058a
1999,a39388bd3f
1600,4085f8522d
1758,5bb48ef0ea
3189,6d8a8e2e6d
3891,113b017a91
909,d12d5894b8
3919,7b4ccb8113
1914,2fa4260cde
3680,fd257af5d2
974,e2dd6ebd6b
669,f43f1e7456
3191,bb2160921c
1481,d1665744c3
3778,ec61b48efb
3373,6682af0131
96,d18a64f984
3190,9f97b2925e
1142,7b0c7e28f0
190,158765ed16
791,b39fe87a25
285,7ec97427ca
3556,a1e32a6815
1969,0cc3c31d1a
3527,b911d46acb
1093,3792be0845
495,2775c5f447
553,7f2694ca3f
781,54dd074cd7
2416,d7f7a9f48a
1655,1b6919f87c
2422,7df36788a9
2004,465486e6ec
3873,3975043a11
823,2067c20654
297,a7bc02b7d4
3760,f9d03271d6
2375,16017c8e02
2984,495a2d3c7c
2135,9a4864ff06
3521,01b5362cce
1326,c09f4e95e8
3649,de39c2b892
2101,08640ede7a
2938,feb90d8376
3559,c4f2799234
2857,f839d20b06
187,af71ca4ab3
3582,a05ae39815
2305,a9ebb78977
561,45a2a01008
1696,3c1ed5cc1f
1621,1c6f7aac78
3813,2ebe2eba03
2417,276807c93b
2200,8620f40403
3058,fe85864f8f
2686,3a5e5f4202
1435,a14d2ea3b1
3215,6a0f5a8b42
1803,3782748f51
2449,6040cbf086
28,08f3346b8a
1864,711c478c93
1009,93d21b7636
452,51846d4c96
3283,27efc3195e
2189,a4d621da2d
2430,7fd5baaee8
540,8db5bf9be2
3572,b51eed936a
1826,05c33e6854
1203,1c0b2ceb2f
2085,d4033ae7f2
2323,52020f0fd4
1970,cbe33c57c4
2136,a10b932fb3
3172,2d4e7a937b
2166,4c43d99f68
177,03c9b5ffe8
2211,0ddcd3fd1a
161,18449e54f8
2746,a0b1d96545
1639,25143d7837
3450,c45c9617bf
2936,f0e99e9761
2146,904f3fc07a
1156,33ba7dd9a1
1396,d3b6c08868
3602,b2fbaf80d5
1095,e366f9d62b
3826,67db09fda5
2656,2b39f9a88f
3668,934cd14205
2927,869f99406d
2893,d514a30db3
1096,4514686882
88,ea6f13458b
3890,1bebafb9f3
3558,465f93cd9c
3461,70cef9fcb6
2614,3116a9d54c
1242,918548e472
3952,b9fb7882a0
1750,9b09626522
1373,1d0c2fa004
1273,f342603c76
910,de5a329823
1754,7f01757d4c
3218,2356ec6570
637,b9c2f9550a
3620,b240582de8
1476,ea1270a8b2
630,7187f4c02c
3768,697fee88c5
67,9090f8f97b
3693,e1280ddc3c
1149,8db0a68a4c
2800,8693030eb3
155,14dcf18fb6
3506,4d33311a1e
1967,cbbf379ef8
446,0f9977b1dd
2026,84af757738
1982,c60eaa0c75
635,1a4278325d
3339,d5023a3662
2404,b9bb1b7b3f
1412,b5448cb40a
3023,5bffe3b52f
3223,2424f4afc7
704,d14ad5cb55
652,f87365827d
3365,9539d280a6
2974,380ff30e30
223,7769e240f0
1209,8a4671cb47
334,236a5cc090
2431,04711cb760
750,ba2a5fbf4c
1146,f6c784904d
1366,d3c8980685
761,05d9351a35
1059,e53c2e8771
587,9ade7d33f2
3645,49d061af38
3434,4e86258646
1588,fb5adc8df0
1375,bea9b0571b
3933,c23d957c59
2996,f11f8eab00
339,56a4e5c1e5
196,1afddc8196
35,f646560aa9
3164,b10fa280bf
1178,38c0d9ca8e
3629,581e7f38d7
3617,9678fb935e
3708,68d9f77646
2784,044106f759
677,557feaaf65
1140,17c6355815
2733,6cafc8475b
2842,223e0c3942
795,aebff18bf9
3698,1f8bf8c5d0
721,114397189f
1986,2bce09096c
3154,1b0d74b359
841,d0d908374e
699,d6b87a521f
1731,2b160a1291
1066,8555cb627a
3643,bebf415bd1
2412,62715133c5
1400,114d62da56
2605,4db68c7d25
3958,9358b1fa7a
748,10ecfda568
2598,49336bb17b
2582,25f2e30c66
706,e37a3da5b2
1446,eeef52be31
2283,a32a4a2256
3474,dce6361f2a
3254,fad11bf2fa
1885,7c9c98aa11
2512,7e26f45eb9
2698,89340d64ab
2514,9693c84080
324,f8ca1f5c5a
3275,0050766ae2
2034,b981d35c43
931,be1f425eac
3324,c8bd99cbb0
2391,7524d9b7bf
2756,a58d3b12bc
3797,0e63d9a8b4
3290,56d6d999b8
3271,e6ab700d15
623,ea3cdbd7cd
1464,28ca5ff16f
2764,b1dc23a427
3389,1621c14879
885,2010b17cf6
2177,c092a99d23
2067,9819277faa
3784,17d70fee5c
2182,312c4ce754
840,98f91cd1b8
456,58edb9b58c
1526,3d0f8c81ce
48,39cd06da7d
70,cdf9422054
3702,c9ff0d072b
3002,87725b728a
850,b76b065012
1171,bdb45f92c7
364,deaa0ab2b8
3443,cb4f7abe67
3722,91823ecb1f
3411,7b2032d7d1
1668,5559e0ceab
3669,35fd991255
1909,8e48de3b3b
2692,b63b23fdc9
3234,ed20d93bfd
544,e44dcaeb74
3113,bf05a52a6b
3177,f3fd020f27
146,f1080b61e2
3648,c387a012fc
514,f78361aa48
97,a70b2204f0
3246,917ef84e64
2306,3bf70b71cd
3279,39400e0443
2428,d885813aa8
1286,37c95ff7df
2119,418b7878a8
267,0f02cec809
2415,dd6a04d456
104,27c035c5ae
389,466030918d
242,93f7759d52
2910,f625984494
3022,834861f1b6
433,268baf2d43
2052,e560423302
2019,71d3bf0ea8
3071,f950879320
2730,106a222c7c
1948,f0e7e06354
1060,4f349b5ab8
3140,b2899a1188
2123,e0751c41fd
3926,1f3299c2ba
3789,961b1310e9
1822,4e5d643b2f
18,1bd1c8c771
2957,a112a63d2d
2956,078f36a006
2088,22a889c9fc
3163,0ece337a15
1721,a317a82463
8,e335542c17
78,b9afd7b728
557,d765e53b37
3652,7f0e67d5ec
914,58f752db3b
1930,f85054273a
2121,53de66df2a
2316,92c91d1494
2172,a88dd59036
3178,e96a030ded
3847,b2958f2747
1097,b0a2fe2a63
1520,d80ead8703
2779,cadb46b378
3181,0fd38464c3
2208,20c99dee06
1302,63193879b4
1968,20a4dad0c1
2304,020376e68e
2775,8329ec9395
3660,178bd2185d
199,dae1555fbf
3749,976eb05465
2947,96f26f6397
725,d73189228f
3673,7134e4acac
3597,7aef9898fa
3686,03049b14ca
2722,90720e8172
2223,f6e87c1458
371,3dc8ca137c
1726,5cf1f1e7f0
855,41cfd4b320
1132,9f7e064e9f
1778,543f5887a2
2935,ec5db065d9
1817,ceef85bdc0
563,4329ab8cf6
1842,5673036fa1
2368,4b44c94892
333,8a58fe70f8
2865,3ce41108fe
3724,0bca43f7ff
3551,016fc8031c
2873,9fe6cf976f
2851,699608ddb7
1734,df8d9625c0
503,a7cfa30d35
3754,2fa889172a
3575,35ba6f2faf
1959,c073b8930c
1346,d83a74a082
3759,30cc3d3982
2341,f0ea2421f0
3529,8063c65b57
797,b93d143e4b
2429,cb6c6c15ce
2579,a94450f57e
3935,cf11876547
2113,ac6289352d
1430,fc87224914
3188,a8bfe7072c
655,9511856b03
867,32599d97bb
490,0ae08cc1b2
1859,a05da102a2
1645,7f0825a2f0
3785,7e9e46174c
2325,e82162c83c
2790,2fb152d905
3833,b6aa5c7ab4
1761,5e09ef27a6
2130,de1142326e
3473,de7af15747
2277,3f8634704b
1855,6f19d11809
3746,760ca73d1f
2094,f2ffcf3de5
2246,ca393f0eaf
1147,518ee8cf52
632,91b91fd79b
21,4b0bf2f4a1
2499,90946392e6
683,3cd4d01b7d
816,325cde4fa9
1911,a913c2fc19
3320,d3f3db7bd1
3358,28df927e87
370,0db1b4c199
621,e69330b40a
3586,e639615636
2951,cf1ffe14e0
367,75e041fbd8
968,a87eb66a65
2143,180f0a1854
828,18ac660fbb
2650,088a402727
673,70c082d59e
273,32f4fd66ae
1619,1313dbf1d7
101,e278cee272
1904,d583d291ea
12,b202b6b3d4
3563,8686b3a5d4
2622,a21ae8cb6b
687,f083e6692d
1444,bce4cdea7f
3761,d0aeb260e8
1445,b637a7621a
1342,d68c08baec
2496,d4acb30303
2517,02117a400e
1658,a141ed0c99
1628,146ec37657
3442,2f493f72ff
3721,8b5232fcfa
2776,4161f35a4f
2348,75d0e44b1c
820,da082ec985
3419,61321814ce
2038,9db11d4414
3801,edc9fb3512
3171,a531b78648
2890,be6cf5cf86
1358,5ef096aeac
3165,db548fd037
2903,c4911615e1
1719,bf71bff284
1700,4d9fa2d97f
3322,7ce6463bc8
2202,90f37a2a28
693,80363d0458
1055,c576ef893a
141,e337021e6a
1990,8c1d0929a2
3707,83bb4578eb
3045,29162a3471
1294,932529c83d
1212,a7f4b8d36e
2830,49fe2ee7ba
1382,902d01b7dd
2702,d3be640ed4
2454,6576184a08
3103,2f5377ea9d
3124,e1c6994595
3294,9eb4a10b98
3150,07e08eee37
47,dc7c506beb
1061,ed2b73840d
388,ab6dfe07be
1616,3ee87f1ea6
2264,0ad38c8f25
3447,eeb18519bc
3625,942d3bfbf3
3875,d5afcea9a2
3550,9cbd5ddba4
2035,34831dcd0c
2802,86fe531971
3055,0642bbbc5f
73,98870eab9e
760,e7f63a219f
30,db02a30bb8
322,7633c6bb70
1475,4d1efb19d7
598,444dcc147b
1298,225ae42209
3328,3406ef6042
1861,e927f91b12
1033,7d14f8cfe3
2704,c1503fb0ec
1684,6d593a19d1
1422,fccf774196
140,7547289453
2116,efbfde4930
347,ac931ace49
936,45180088a6
1736,c58b6277c7
2441,417833daa4
82,7a2cca4fe5
3911,2874150952
2249,9258e48804
3835,18fc51d517
833,8c1db0fc39
2594,6cb11aa807
580,dde0ee264b
1828,30badffdd5
2505,a5805697c1
1601,5c0cde01b7
3245,9053aa6508
2475,d465b396f2
1771,d1f8ba2f02
1387,3d781526c2
3580,c32752c00f
765,3218afdc84
172,cfcffeda9e
804,3320eb35e4
2891,fdd73141d6
3409,3ff3881428
2446,b12a5a2b61
3695,3391f0befc
2222,f959f79b64
3100,3eabf280ed
3655,f456e3161d
1932,5d6126f459
549,e82421363e
34,178d777950
2863,dd9a94a797
499,c43b8533c4
3255,4ebed82264
2207,287d035464
1945,211dca3b80
2995,5d4dcb9d8b
2452,e1cb177740
1329,f5c25276d2
822,0cf9c803b8
1876,dc4bf302e8
972,f6c49acac0
2919,0e16439e05
3910,7aebdeb9a7
1786,04315b9a64
892,97515a958d
2064,ccdd1c542f
3519,a2da67afff
709,5fa87fc4cd
1184,09541ce79b
2420,7deaf30c4a
845,ba705c8398
1605,87cf2c6542
233,17bb0d4b3e
2727,a962f4c9b6
2365,e8e8b96a84
2949,9f4471dcd6
2844,90a57bacf0
2600,f28b483859
2647,fa9b3f2aa9
1775,5e98f349f3
1113,8ad8b9b163
2472,8f407b64ae
663,ebd623bfc6
3718,4c7e3c71e6
220,7df431274e
1774,ff038e87b1
2524,b5a47c646f
2750,7361f4e5bc
3505,ee7ff3b2fe
2399,3d0acb5c90
413,5ec4b8eff9
1550,ea9dfe6f60
1092,a33e7de189
643,aff8ae9d4d
1044,71507ccc96
1183,ec88937127
875,3004f41177
90,9ad32f3c66
2179,92c25915f1
890,a3ad1422f5
2327,59944f0f92
3626,db1eeaebb4
3042,3734601c15
904,1a2918c9b4
3771,5489a9e706
2255,0923f7bef9
873,b7ec14f5e4
869,dd5a90cf89
3540,ed24549a3f
954,886dc2e534
3867,174ebb49df
1115,c33faa5d81
98,c1ed7e8344
3169,7709ec3c5d
1578,5aca18a605
3934,919157e393
956,38dfaadc68
1714,18e2325a5b
1336,7205efa791
1666,ef753a06c7
963,b8f92fbe45
2520,48b8dda801
2058,e8d8b35601
3252,19e749d0b1
2165,c0b6fafc47
1548,5f43816c42
1650,12d09b9fa4
2473,5677f991b7
2538,fc8f0668fb
2645,fbd61072f4
3128,9a6c280d8d
3767,d7215eb198
674,2b76b47947
3441,97bd8b22b1
1457,4e6855dbae
3011,27de423ad3
874,0f7aa746d6
1177,eabe9337a9
778,12c92c9f70
2781,7ec64d2b8e
572,b8525600cf
2767,c7ab9848b9
2845,180d2ec2cc
1005,9b9c107a62
3497,2b77f82b42
3029,05be526826
330,c8d70d9c3d
1240,fadd701a33
3270,39a05bf91f
607,d538594e14
3554,e41a05735d
1128,9fdb6afc56
3180,d9044ee3c6
1017,498d327724
1983,f1cdcb9883
2540,71d10659ad
2443,455d05742a
3054,38e018ea0f
1163,0a19821a16
60,b937f4558c
3010,e9ce8188b9
602,5a3c38104c
3480,c0565001a3
493,be7014887d
3955,938d11586e
1569,a1b5786252
384,78be8270bb
2509,7a0f1e9b45
3235,023d486fba
2788,6153c227de
1238,740e4ce45d
2678,ba1287cb48
116,127ef4105f
3160,857e511397
2333,458a05615e
3703,5f45291a7a
1152,81d37cb5fd
1042,69013a70ab
1447,f8921580bb
1830,5306b708be
3798,691fec8ce2
3051,8b0478ed02
3296,07a81dccdc
441,467469da7b
1480,05a61e5799
3508,e5df7166bc
3333,fff4eb4941
2386,90b14e3f04
482,f8f7ed86fc
2501,384d50db49
350,e437c3912d
3855,4ee4b3485e
1755,1664b6a6d5
3463,7588e9645a
3239,13fb17bf13
2127,e51e614146
3384,cae1a9f23f
2592,7af5b00299
1099,ce06c157c1
2212,5edca1bb89
3878,0429d9759b
305,003c477d7c
1276,5326fad561
2150,e5a6b92463
2710,e6674212ce
3094,76ba896225
645,766784f810
3533,1b8d100712
2748,8d9314a9f4
2161,df8caa8bdf
716,c9a2990f76
1530,f2259e86f4
3366,6150f39f8d
3085,2ee6e81e4b
385,321f21e02f
3581,e3349e2125
3969,19cc342b91
738,0061281eea
719,ba67135a54
436,3a7bbd73af
3070,852873eb7b
1090,a6ec5aa914
1995,73a4c6a4bb
1563,675cab373f
3421,6fe4017680
3429,aa1d903842
3323,93a1541218
1793,8270908d6a
1720,e7e9165d9b
945,2b723b8474
1725,762f01c185
3139,c66a9ea31d
1768,fa50e86a72
2036,4bc87727b5
2284,d67dd7da95
3793,cef624f327
3615,9fe707f837
3561,a89d1999ec
3857,ecdd648857
1065,a6625b8937
2797,6aff151236
2408,6419fd454b
2596,e9d39cddd7
3916,97e78a5448
1263,6cf284fb9e
2383,e63196d890
1672,b2b0cd95a4
3276,0a7e067255
586,a92f49d2d9
2680,5bbcd70d2f
878,5e3c2aa2bb
3780,8d839a365b
1953,b6e57d954e
281,7504d73df8
2663,df811b26b6
2244,0f19680b4d
2025,190febf6cd
64,bb6683a533
2559,f1395b9e13
3770,7791af3409
1067,53eb356632
353,83967f4314
29,f6a89b6f89
2243,c202c25557
2001,adf2a57778
2701,1f7e3eef06
295,bc5382bc71
579,cb36193e2f
1349,343b0359b5
1331,7845115d01
2814,95bdc8b506
3108,51ede1c702
174,05b69f83bf
2022,14c16f99d5
3984,4a8d55bdf5
1807,bf76c8aff3
2273,5cada3d3f1
3477,a5471f53d8
3711,9cb42834b3
2190,56810440c4
3214,c5caa57f2f
2823,65eca0ad70
777,9ae45b19d3
2728,96049af037
255,6a1fd3c67e
43,7faea04242
3297,20a0f53112
3093,1f33387a8e
1402,17be1887b9
3869,e082398595
684,6957579961
745,7de09d894b
3662,75fb579aa2
2693,0280db420c
2868,a31e485287
2241,631dacfc0f
1777,d19827b32b
2771,1277f1a611
407,d69c382be5
548,35bbf1302b
1853,3da729cae9
2998,6edba13f1b
6,b80db32c01
1939,633c7d5c80
2444,c02071548b
2043,7f99abfc11
308,809cb34e8d
3549,c8adc706f5
1705,cd292b7c8d
3840,9ecc1f5457
1792,bd526ca9af
681,3507f73405
752,d90473fc86
500,ac460261f4
825,89ad7a93d6
1218,5b86544456
3251,51179a1815
1783,44e3f20074
3266,31ca053bec
3386,ba6970504c
2492,88a4200cec
376,ab7d09443f
1285,135ae076e9
2149,6e3634da35
1565,40aaac97b1
2516,f234066134
3757,0926b7396b
3532,89dfb7ba1d
1401,0f9b1dbc3f
2508,c1c54ad4ba
422,b51c130238
2948,572f0b1ad8
3666,27c45fef01
3005,c0aa0c7b66
2625,884cd7af00
3576,575d24d81d
3314,40e8e14e60
484,17dde2138e
596,dea0a56bab
1001,c39f317ad0
1743,d7196745e5
2532,bc3156b1e4
486,31d35c7c1d
3932,0b7b00ebfd
320,5a81181e41
1189,79fed5a697
476,881407fa84
1992,befdfcbe5b
3921,ce15cc1d1a
3825,b852505678
428,b92b11b3a4
3628,157b2aa3e0
858,1a1b0c1549
2240,9917602913
257,8d70a676cd
2233,2b55bdbda1
204,ce9c3510a8
2720,fa70e3da06
3595,3b05fe7a3f
1280,50290e75f9
2723,a98d950667
1516,b4e23ae450
3945,09b9330300
3818,83c0564224
3992,3662fffe30
560,76761b2a41
665,8a1aed2c83
2860,8343ad9ed8
1890,63e32c0cfb
884,9472731dfd
1499,b74ecdfe20
1770,1f1e11aee4
1515,2b405e7016
398,e34c1220b1
2021,a5c4007b7b
1805,2eea9d51a4
2576,d268ae57b5
3284,96216dae3b
2133,f45dbe6541
1133,99aefa9443
2862,8b5757d8ee
2355,cbad345488
1903,ad6e3961d4
556,60584b31d8
2100,881bfee759
919,d7e93ff9c2
3496,437fbb64d4
2020,b97918ac08
1205,c06ce71f9a
2765,baac3469ae
518,e3755d5769
1058,34205cc12b
3330,b1ac5ed0b3
1838,30e4d22141
900,4e3ccf37ee
1833,25e519b494
3020,690514a3e4
3735,34b32c5b5d
1386,c749d05181
1391,eabed5b2b4
1954,a2bce9d94a
426,b67c735ff6
1756,f2f67e14a6
497,a826a7a9a4
2409,1a0996a817
1470,23a17b87e7
2421,82a285227e
3879,5b836d2444
746,dbcfdf17a3
3897,9dcb043fa9
3448,2d5f4b0213
826,ca58996278
1220,70b6a2347f
1103,1c78d88cb8
2030,254efd9043
711,681ee85a7b
259,4b17d5fb8f
3777,8daa7e48d1
269,abbfb56731
1789,f6576d4cbe
2268,5f3b26ac68
3156,c78996aa02
2912,071d5aa17f
792,1da21e7498
1127,691dc0bc42
432,e92f67b3c7
142,628ab35fe8
1572,6994342067
1790,8c8c2012e7
597,6138f82415
2353,903206854b
1174,589e94265a
3843,06a361fc57
3644,c8404c2d4f
2274,287b0f197f
2069,70ca8ebf7b
634,528cb6678c
1929,d0eb51a04f
2145,455c8febce
3665,438443e0d3
3903,7a817b12b4
2983,27a240a570
2548,954502fb12
1718,06289f69f8
1062,3c7e2d60a7
3817,48d34846d7
3894,44425dc49d
2487,6c40978ddf
865,f37556e4da
3534,68b593f903
3224,75eaea4cdb
2453,84e305da04
1312,4d4adc5623
1168,9a4b15919d
1529,1e4a233a70
1215,c0ffa90c4a
1567,687dd94fee
1940,b858ccf692
980,4654389112
731,eead2fc101
1469,1a67b08604
585,762c7d7084
2137,62a8f89a19
3766,40dcff68b3
1279,0fea4b5049
2382,d99612d949
3261,eeca9d6a63
3226,5a6fa22207
1035,4b019a8354
2141,b4b225aaa8
2510,2a49169951
149,24a38972a3
896,18d013fced
3050,bcf322c1c0
3788,16589f0702
2252,b4e8386ff1
3227,7c9c01ebe8
999,1abf3d7f60
3282,c5c4479af6
2999,f2c869e655
3439,de08c5a3b7
386,38232d1fe3
3451,8138c79081
3137,02d40993ab
102,748f8f4106
1886,9cf8fe7f96
1955,b749a000ea
3363,ae6ea6e613
3427,2821f70a5a
2791,811ebdcc4b
2783,6f438c26f8
2666,8a29fd2ebe
1119,c26ff00bfd
2140,843f9892ef
805,a959b2372a
2515,4f30a97219
888,fd51e63c83
2519,38438eab6c
1460,fd9db12ca0
922,e7c55756c7
3641,54cb8bdbe2
2541,30ff4f38cf
1821,4d7b42314d
3583,0fc5ad7e3b
2673,b0a7056a04
951,ac7df612ff
2523,2101c21f75
536,495e5d8dc0
1301,f429b8e6f8
2128,e1bd09e50b
1664,d5a283c553
1591,cb677fab7a
2621,6698a570b8
3075,b7c462dd1c
2715,cd69ee839f
3871,871be86f43
2097,ff238df1c4
2811,44f5dd71ab
2876,5991bd3f1b
803,14a89a1840
1377,30d4fb116b
2599,5b435fad9d
2013,911efbb175
3513,173dd2f369
1503,9b5bed5c6f
1555,e8d6412ed8
552,d0244d6c38
3388,6d1afa9d46
2464,ed761ad8ef
642,de51e77a38
1798,231fc4e8e5
1627,7555f79a2c
2289,a52d7a6cd8
2521,e1921d9a0d
296,7e138bf911
3634,fa9da6a455
2816,19843b4e95
2205,7beceb5850
734,963210b127
3959,fbfa863bd4
1630,114daa1bed
1673,776d123d8d
2164,47bd268dcd
3364,ea2fe8434f
2690,41e2137184
3007,cb974e60ca
1835,45b5f91d83
1689,4985566e7d
1741,52914952d6
3914,82f186d2ac
379,5fc8bb94aa
2892,31b7874f49
2507,c5a9c13a77
410,01323211a0
1716,c70153909b
1557,ef13247eed
618,0eacc93ff3
3208,2f3eff4192
3773,b07d4da735
1388,70c8e14243
1069,174b478747
851,994af8ec2a
3681,9e966d733c
567,664e3eb07f
903,3a58606814
1157,6d46f994ac
649,03eed26d3e
2324,4514d46495
1623,ff2c353279
437,1c687fea93
2238,5378360450
1405,836eedd4a7
396,6313ab72dc
280,7a696bb878
3230,9736389261
160,0ad0876244
1521,212f074587
1207,dca3f5ce34
1214,2bd87e0587
2667,131ca4b83d
2506,25db231ea0
1138,17e67f9ce4
701,331ec135dd
3812,1a288f27bf
3663,843e8ec44e
3400,57302cf4b6
2198,e5a22d144d
1321,b6bca345bb
582,eed6c66da4
1300,ba836c5ae1
981,abb1521de8
770,2226df3ca1
3950,459396b418
401,d9fb5b47e2
2188,a1dae195e7
2180,356fa48ac4
2878,280dcd0b2d
3039,d71e91efc0
1252,ed6f9dfa22
129,0ebe3ee1ad
1287,9874f75819
1490,725a0ae373
976,41e173a1e5
1528,a0f050600e
2083,12a953a079
3849,5edb37f5a8
284,f2f0278d02
739,572cb220d2
3086,2ffe02e882
1433,caccd6708f
2812,8cb6f8581b
2869,59597a8431
2760,bfc47bbe13
2068,41895b0f40
438,8d3ee9356b
1477,bfac8e63cb
1695,9ca520f895
419,481ed855f2
2493,365abbdf77
362,1e5e713964
53,1931feb9b8
1443,019afb4b4e
2637,8bc707feee
3758,30307d5103
3495,919bc0e2ba
1125,7977cbab6f
1840,429bf7c665
1025,65fe1a0efc
1894,500683ce7e
3622,bc79fe1a3a
2887,14bba6af57
2934,d8aebd0f86
1539,c82f7676ac
650,226eeb7c67
3752,d0cba16846
986,95a87f8ad9
312,5cefe5b52c
3699,a5d188bbd7
1595,b45ad3932e
1723,ec7522391d
769,c42d63b0e6
2909,3c2f5ba174
2911,23e1bb3ee8
2908,99405de5c5
3349,c79d52ffc3
993,d916ac7864
786,cc4344175e
1392,8320911258
1162,1f805e4733
1116,76d080ed6f
827,9d354bc9e7
2972,75ad49564c
1958,9737133eff
3607,b0d8f26ad8
1877,da0f021c5b
337,98b1f3fb9c
110,25dc959ebd
59,b8ee1d8dbd
2242,a2530b4c45
995,c9c0097eff
3303,6ecba60505
3705,f5a0acc480
3420,a6c2605919
1656,e93ddc6ba7
358,58ad72a266
830,9c30bb0a5f
3704,7ec58d0743
1732,a1585a58b8
42,9086ac3a68
730,eb23ddad08
300,f20521b7f5
800,dccd2d9d48
2201,e929ca0e34
2976,77c071c12d
796,4d03329aa4
610,f5e72111d0
2414,e39f959114
2586,1b073494ab
2848,f599fad413
1561,590e6bdbef
1524,7bfd026d91
3184,cced2adf43
302,43a1dbb062
2003,1f0b16aa13
3060,f9a3d103d7
902,efe3043924
2253,f2c640742a
2881,ec9ba7900d
2152,44f2ea3584
3858,3577258d6b
2117,66073ddce1
2109,64e79513a3
368,479cb24efb
741,0f4637e4b7
3311,0bed5f2ace
3350,9a48617407
3651,505483d249
139,d9d7716b7a
2028,d0319f0ec5
3763,71438f26ec
2245,d9cf4a6e42
3593,9aa65d393a
1489,6c49b277aa
1465,c613a090a4
299,182bfc6862
3802,7ed0489985
354,cafb1294ae
3518,4f3368a855
831,fe6e74532c
2438,87d58438cc
1471,e0da89ce88
1753,211eb21702
2439,4eccb0cb9d
439,82adfbc0f1
3258,78f17697f2
3842,39a5b5f33a
1712,956c91fe94
1895,576fd5de16
378,ea1a6e1b33
1063,5be9925bca
3204,9ce55dc2c9
3295,1ad2135efa
3110,042c3d4e03
2719,3984ed8d4e
374,fa3e7cb3f5
1560,b60fbb288b
2609,3687839ecc
794,99b602dde4
2821,390355fd73
148,5ec6db5c9d
1355,b0a18e86c7
2850,90b1a59d1b
1562,0b7459a0af
1053,021494f3aa
1334,9bdfa54912
3851,d30ad7d936
2388,182ea1798b
515,fe0ff502fb
377,e3b1b48b5a
46,c93d0ecd1d
2455,99bc5efa33
351,8fb68e99e8
1685,a27e64c2f7
838,8c38199b15
1227,7e5cdca0b7
1431,8718d851c6
1072,568d119e66
3545,7a9610078a
2604,dcca025cc6
3396,4618b50b42
3594,4541761ba4
2769,116bd22fd0
660,e172f09faa
2885,7c6f76a267
3395,76ecdc5896
810,8945b8916d
2051,99d7f0c538
309,eec3f628d6
2065,547c9d83fd
2484,eb4efc4c39
1907,1af9e4bbd8
1583,24d67576d0
61,bbb762835a
3049,bd4f797d33
212,b45f9383e9
31,c7c3a8a806
2218,cf241124b1
2546,d82b80a555
1973,5c28eec331
3918,494daad56b
3501,cbd42ee63f
3231,42c563d895
2732,2556c23489
3277,bfcd0fb5ac
3357,6ec6e26ddd
1742,03a9a9f615
1519,396ae389d8
3256,ef654c1b73
789,db0bc63d60
3828,73f58ba609
1456,6c95018d5c
3288,9f459445b6
3832,99c726d528
991,056bfa0cc8
1860,f5c2e66754
889,db32e0961b
2629,38a15dee44
2260,a245c6d001
2870,cc15d94784
485,90c62cd13b
3458,28d42de29f
3044,e6a78e36b5
3027,2e8bf3f7b3
3059,2b30313d2c
2126,d531fa41aa
256,fbb8eba26d
2794,51d1696054
162,f87154ea7b
2975,31250cef62
1048,10b19bd1f8
3457,b6604d4bd6
2239,d62ad254c6
3104,97a10a3ba0
19,5b28c5ba50
2295,2903f6a1db
2755,489a8fd021
340,b521c9ddf3
3805,1b71d67404
393,1af44a9db0
453,cd1b2e49f4
331,2ce9c36a98
1201,3f2865df45
2580,916aff36ae
3765,e8f3e42b14
1534,ba1ae7a6c7
1365,e11123ab8b
3739,c42abd17f3
81,128f3b0e36
1669,46c1a0e9a3
1068,ffce5bbb9a
1553,19b7d2e2bf
310,56ab4fae30
3444,8f39d964c3
2278,c9ffc53f25
274,9128b824e5
973,2eca5f70b1
1268,85bca2aade
708,dcb1eee6e3
3316,cab2f6614c
2706,29d8bf3a4c
624,09b7182dc5
2716,4696bb53e6
1602,087192e2ec
245,54629440c9
3650,851a37ac37
2712,e030bdae65
764,0b9981aba1
1882,255e6ef6a9
136,b942b38a45
3302,cc6abe337d
3682,df47f2e681
2945,5936740d48
51,a5005ea567
2079,1efe1909ed
519,6c6c1cbae9
487,488f5f133e
2372,fb58510ec6
2381,b9fd9429e3
2247,3371d166f0
2895,6752a6815f
2834,3fc4d6b6ed
1395,2bf5343f03
2924,e8b730fe92
3382,1a5c093750
2721,71f7425387
3569,628ea36ba6
3659,5bf5d82829
399,6ab003835b
455,0ea5ea6946
3136,54cfa66336
2871,2da8da57e1
3547,619edf8941
1501,ad93d35798
3117,fd949b5ab7
2411,d61e5c8296
3511,a4442fef48
3381,ae96972c1a
2269,edfe5ae3ef
1993,6092afaec7
2711,9466e21e0d
1905,641d0227e7
1016,6558dcde17
3338,22398d77b8
639,8612ca9286
2953,0adb490de5
1935,3fd616ef00
3414,3ced3ed63e
38,97adf32d4d
1613,802df9bb5e
1088,f0ec542987
1297,b9a7c521ac
2640,d2c800e9f5
776,074673a5f1
2378,37aa9fc79a
1813,24e98d224a
2350,dab1d67df7
532,96f8fd0d4b
3481,6a29fbd74b
2502,a56e87840f
1634,21ec084221
1378,ad76d4cd21
2318,af6fe9a9c8
3240,b28aeb78e0
472,9898ce93d6
1693,1495558064
3536,b6bd6424eb
1288,0fb7b2772a
1296,669cb42011
2435,ad1e8ef844
3319,a21afccc50
2829,501c68e571
3503,9a672bfb51
10,a898892737
1769,060cdfded5
523,6760543d8f
583,ce31ab9b97
1169,6b4d65ac6a
3088,2fbde8630d
1762,33159fbb9b
3362,393048bc6c
201,9a6cf411ff
2469,ed7251fc01
1989,fd4741392b
1671,e7da2d7800
372,5e85356a28
2334,a9ab1afe01
3553,290e9d9748
780,8f7b7b9980
1633,4ed2467e7c
3546,c83d9529bd
1599,90d2cdb32d
3567,7972b70832
551,b15313d4e8
1409,d71ca6d32c
1787,1a8c4fd6ea
3990,f7c147ac61
1050,8b4189c2a4
3331,0951f85203
1222,00a3af90ab
2763,d1c9be7e25
147,4f5df40ab2
1036,b5e1371b3b
859,4680bc7373
829,106e4043ba
459,fadd6aa446
2112,14c6a2d399
345,0f5ada4dc3
2837,58777a8c79
1977,423ae1a09c
3619,7ebd3f0cdd
1707,2af240d261
1881,fa2ebd1083
182,e3e92cc747
1951,246d86ba32
2286,1c20fc4477
3216,9a3abd0ba6
1772,365bdf0ae1
779,1075fa3200
622,8ddaea54ce
3353,2fb6791298
959,a803fc87d1
2151,b9f3886670
3613,0d19f89dc9
3975,937ea43a65
785,00cda0328c
3101,f26e6cffd6
198,ad0e66eabf
2955,ce0e9def63
2040,73a2f6fb22
2293,4b873df7a2
1107,ec2664c4cf
1407,a3ff13b1e1
2534,3501da04b2
251,613fb95edf
3658,25845ace3d
2225,e88b8de75c
3901,ef58213c9b
3243,25d24d4554
2894,c593c662f1
2120,fcbc5cef9d
2377,870be46a42
3057,590e32af63
3287,b194549062
1535,db5bf853fc
2390,6cc7ba6c56
3524,d553c91194
3079,66cfa202e5
3982,38ed2aa7cb
1540,351ea99ec3
3066,8ab2399b4a
2958,063cf2a23a
1372,aedad85e8c
3107,29beb70925
3132,2d8a3a262b
2494,9fac28f3df
2131,098c5f3e75
3570,211fc910da
2360,fe11d93a24
1031,f724f78b1a
3130,cb0d3e8399
2176,fcdf2756aa
1466,17c5d2464c
3454,89af21b6ee
2773,bc5ee94de7
1191,61df7e1f4d
1337,553733b17b
3862,3f5adbdcc7
2204,aa1c0ba47b
2717,b9fe322e38
1978,59092e355d
978,d606f4a578
2466,a65aa82e0a
3848,7d41b0a6e1
2819,0ec68b2e42
1577,2f8e4f82fd
2672,9790f7880b
474,168f625d62
2985,0f6e788cdd
3706,ced8d25446
1333,a291ef5d83
3090,9bc9c403e0
1543,558b11d1b8
1836,f44f67efae
2950,4079c73376
3120,f8b721f632
2925,6e1444d88d
1111,499560e566
911,12e859e91d
1593,776bdf9043
3664,92895cb54f
268,875b087f1c
1766,54842b574a
533,d06f237a79
555,52aa9a9703
3838,d65973824b
2250,543acdb5f7
2695,af0e101aae
2196,e51599adb5
2677,28e3c1128c
3131,a038a2d781
1582,e4d2bf6036
593,dca83468d2
620,f5a92d1356
3624,9d23bc70b8
1052,afd0b385f2
1647,c1190c9c37
1607,b7b83447c4
1389,bb9ad7c38d
604,9b29ca561d
2237,c9f7f4020f
186,71d7482240
530,563191e71a
3077,8a55cca47a
2536,21df07989f
3845,822043d604
3541,7410f440bb
2648,ad5454050e
3209,8174aba668
3864,287aea3a3b
1150,6f5c2712b1
366,fa752c35ca
3399,44edd661a0
3123,a9fd8e2a06
222,c256f6e713
2898,7db7a5fb8f
1735,abe36055e8
2098,0a31d7553c
1492,6cf6889e33
3492,cc2da77c17
2566,b690abdc09
1151,9704b1ba61
450,80a458a2b6
3865,07fef26d18
521,d433300064
799,efd1625f2a
1745,abed119094
3775,f4ed280779
2638,47398efeb4
1264,4ad2ddacfc
2917,72e1a1b225
443,1306fcee4c
1234,9458b40464
3709,f64190c47e
1908,684555a30a
3032,973a4f6dad
210,c4ed7cdb1c
802,530f759c6f
2309,55f1ea73b3
3200,9c3383eb85
390,9494906f54
2434,c59e5f46c0
1581,f641699848
3095,9b31db4e58
2618,705eb5d67a
2617,707f14c59a
92,66cd349922
2471,3dae882971
11,c33df3d7ad
3691,3a3281b37d
3484,041925f04c
264,7d48474434
3293,a446aa0ac8
2968,10e1c8e23a
671,e39ded223d
3696,64baad8029
3888,6c45d80d1e
2889,27ec51c877
3670,651b2c01bc
2757,5ad4b1d1ff
763,9e9ce2e1ce
1170,a5833d6cc4
335,94b3a9ed9c
1872,525be73de5
363,8e7324c8ed
2902,1825fadf99
1228,db0238e5c7
1570,1267729ffd
406,1eaf42beee
3479,f3fb95295e
3560,38178b0ded
164,f78674d646
2897,a90545f377
1482,7fa6578978
349,57e0cff707
2426,7469baeb8d
3306,7d0b2f2046
2156,a98ab1c549
2793,9c4c524983
3133,9f224c71b1
2448,1d2cd614be
3829,a5c6cde207
570,132e30cffd
1976,63feb8de2b
2980,b052410a6a
1080,728917ca07
3198,4e51caa68e
395,ad6fe18943
1706,cff87534c4
3776,dc0119712d
2356,accb644c9e
20,3634f29aac
1019,812c804456
448,5df9874c5b
2397,43a9c21cea
927,e476b868ef
2217,9347c39706
192,56f4bcc716
85,f9b7196dfc
1166,e24e9afdd1
2457,62d6a9b673
1981,8db9dc4a62
3764,94c94ee7b6
2578,010ee525b6
866,ebc46e6691
3683,363a171d90
144,48bb098115
3318,894d0e63f5
2937,65aadb6f53
3129,13f3daf89f
934,b329b390e4
2096,c67832ba86
2569,0280deb8ae
2929,989ac5a9de
1105,b42ffc97d4
3995,429b289e07
2303,cbeab7807d
1891,8e93b66386
569,3c1d07fc67
3962,ff532274cd
964,401b591c07
1347,7d52a376a7
2820,6f0c88962b
1545,6c25735f24
3301,67dfa4bcf5
239,790f497dc8
107,38063f77a8
3342,5717740aa6
1915,0b176124c4
1426,60bbd166a4
1225,bcd1e64c58
753,a3de137406
3804,3cc59342bd
159,aa36cc5b96
2485,90b1ba3bb5
1964,9d12bb050d
1697,a1fe3de7bb
1258,0a0814464f
595,c66a8f70e4
3748,9ccf50ab0e
3390,16e308dbc3
2679,c7408f1d38
1924,20b11dcfb8
3588,7e737a6cc6
790,930a21d485
3819,e0d98e6fde
1724,6ebb6826bd
1899,a48b9989ac
1004,20ed65cbf8
2906,f122ead5f2
1615,b7dc0d87fd
2849,7572c78534
726,17113fd0bd
2447,5970137a1e
15,e021227dbd
2632,a4a2921863
3351,3b4be071a8
1199,9267f6cf9c
3084,423800be38
171,9b585a2ea0
591,11a14b9fcd
767,c7f54785b8
3398,230226a446
2627,6af48dfcdd
209,ff9d2e9ba7
1100,8c4ac14f53
2815,ac5f676fa3
2595,04c48c9743
454,8ebceef687
2737,415eb5b72c
592,e9f4d6f927
774,a18073f2a2
722,1019e6ed47
2470,a32b0d0cd7
3925,b839f805f9
3346,935cba59ad
325,90990cd2ba
2054,3be0c0be8e
1248,b342a4959d
700,fea1ff8505
599,fa25724a62
883,4a5595076f
3325,c37f7c51e9
3964,b5850af687
2923,0cc5805a92
2786,b172bd2032
477,56b5540fd7
1852,73c6a1ede1
1988,a07f9159e0
1474,f0b5a05a6e
3787,057eae4f34
108,5fd411e302
996,1e4c96a9cd
1998,2bca4fe522
1974,f70f3b7b95
1089,d629a56d3c
2962,18c4cdefec
1811,843447abe4
275,94551e800f
118,ad2113ea1c
724,a633b127fc
1071,31a4341eb6
1949,2f2e86de0b
2564,4b0c5aad63
434,c4b05c2eaa
3994,452b06b003
3874,82c340f4e5
3912,a8ef242dfd
1237,324eb2ec65
2954,8d9b8d724a
962,6a57dfd211
2965,dc534f1e28
835,bb8c452bb6
2866,f6009f764c
1748,69098163e1
168,816c9d6d5d
2445,56d025f76c
470,ba4781de48
336,36f332bd11
2425,4e41f7a5df
1801,cd5c9532e4
2795,1ff0aa7f05
2089,820c4570b1
3233,d2bd2fe97f
3800,885c2a90f5
2017,9f0c9f3b90
2574,0f762f2746
2653,32887c2719
2543,2ffea0c397
25,ebdef67fa5
1131,34bd0facd2
481,47fd4036e7
2129,d145884178
971,2380664922
3943,fa92bed2b1
3153,5fa536d1fd
3646,9eaf536a63
1137,75b4a808b3
584,3c9931bca2
3863,11bfb46a23
925,ec10996820
3376,32afbf53f6
3539,a07c1fd090
3737,7796858a9b
124,ad297bfd03
3844,8c232a1cf8
2810,ccfb270edb
165,4b2af55ae6
3743,740d34befe
291,27d0d9af30
3590,d46c133c20
1704,176ad39bc7
864,37df75f3a2
79,a854446118
3882,dccf379405
1129,4d684d99cc
3500,6d17d3be2d
3393,769d51b80b
2352,9b80cf8992
2427,e9909298a9
1307,9a91290888
262,fbf64b5ea0
2545,bfd1d7caa1
1512,e80ac14b0f
525,c33e3a20a4
266,fb14beb69f
361,1ac058f0a4
1196,71ef380e21
3515,d21e3d7843
311,eeecc7ab39
3783,c0fe58323e
3337,36f9ab3ee0
3415,5448c46aac
1847,ffb2ad3f94
473,a239bfe21a
3378,c82ae5f941
1186,911f05128d
3892,465463b009
714,4d58e8d8ff
3578,7277ef5fef
138,e2a70ffdf6
188,ea5dd02892
365,8650153427
2854,abe74273c8
1913,0249c49180
496,91c003779c
3922,5948185d4d
1961,debe560cfb
1172,a9b7fa7e0d
783,5343d4837c
3491,e060d5ca41
1966,6c0a545d06
2561,63bed65d65
3354,821e0217f0
1049,5ecf1f5cb4
2562,57e394bc67
2251,ba045610d1
1241,f115ca6981
1757,2af3c055b2
1654,d3c3988e54
615,7716aa7b58
2916,86f2fd7025
1070,f121c06f1f
298,05139ad3e5
3046,35f3cb48d6
2658,d31e3fbfdc
355,8ce5996371
254,73a3712fcd
3831,ef406bff03
1320,e89272a29b
1233,c89eda8701
135,13f448be07
3344,4fdc882e4b
1176,7f826d312e
3589,1bf062bda2
2114,e6f86c83e2
1752,d2e44953e6
814,e02ae4f371
1015,5d0a9c5b0e
175,92cc29d923
720,74ab2a9b1a
1144,df8c73e52b
670,27f923aac9
508,5aee63c515
232,a8d50a4a97
554,466548defe
2075,c9da9c3d42
1271,8f07ef8585
768,d61250af0c
2379,23afbccfb5
2012,483372b203
1442,6d93c0a95e
2872,44381a3f55
3948,9c4468a160
2460,86f892ad2f
170,58135d5189
1277,380dea2a5a
3193,7616ee06bd
2565,aac747667e
3361,d4d34af4f7
3426,77abc5ed21
994,86bc03a8a6
2530,3ad9500e43
806,df5df272fb
3285,977f897477
965,16cebad726
3827,43ec939286
1681,6ea5191e2a
2086,e8cf12563d
2232,1790f3520c
1323,d274664a41
213,db9bb00470
1441,9befc65890
3987,24522ec665
1814,84723e7793
2859,d66bb0c151
55,2886e27fb6
3821,2edf2e3e05
3906,3e3431be2f
2522,9722dedee7
594,e204511fd2
3098,ec406285e8
1408,6d2a5a2fe2
183,81fa3d59b8
236,29a1b18e79
3048,675fcfe29a
3791,68a2df3195
3889,eac822921e
288,c038f6fbe4
3471,bbb5279a06
1230,268d39db25
2138,a8e5845bf9
1660,535503063e
2209,85670a7093
2635,66891ec970
95,8e3228d793
1200,4e961dd0ed
1825,ccc41663c6
3299,28f6f52c8f
2078,f288e998f5
1369,f841c6dee7
1485,d3fdfb9e8f
2700,af296d1c0a
2942,1d93614392
3300,8e84b940e3
3298,2f917b1124
3478,4a11c0f4ad
1305,a69586db4e
1022,61cfb43abf
1399,1a8a17f220
3880,3fe0ac38f0
667,fc944f4e1f
3310,ebe8198105
3069,d21012f5c1
2920,9447159eb7
3756,1167a2bec9
1590,ae61c09508
2612,154948ae6d
3472,3da64841d8
2879,bfb0e22b53
1008,6a6b42a6f2
3592,5f248cf0d6
2450,62f822b156
848,7c6221dbb8
1376,dd81358234
44,6d4fca6a35
1629,31b003483c
2300,9e8e175c01
3939,b85046c5c1
40,7cbfebdf9d
3807,dce4c70a99
1057,2bc179b78c
1451,9d5d4bf0f1
3145,b9ebcbc115
955,f42a7e65f2
843,66cd32da94
3960,a6ba9b9f91
3632,bebae78c6a
2616,624bd59549
2952,d7f48d294e
3056,19d821e8e4
2782,ae51614513
938,ddd0be8fd5
3272,50d3073821
1809,1ac4fd8022
807,5e58ed4adb
3423,8e2e3afdb5
3343,40b45f1871
2778,4279e747a0
2270,bb697642ae
117,8daf098aa9
1510,23cdfc53fe
3961,638d8572e9
1,3cb59a4fdc
815,0aea45ba8f
812,ca78405cea
3487,a5299290bb
243,da689f1bca
1094,0530b67189
3201,be18a24c49
2824,58d177c0d0
2308,a8ebba8c1e
2322,98c6496076
2570,a41357f553
1784,31683f8a18
3118,230b98e713
854,c10ff1398a
1335,42a3baf571
3446,9fff0319cd
3915,d8bed49320
1175,8c916f9cb5
1744,20349d0a12
590,3a310860a3
1849,f7933b266c
1030,6a105e7555
3742,8919be1266
1415,a5ccb4f8d9
1244,404b62a4d5
3413,7242ab00b6
317,b095375d19
1293,443985b709
2657,74d53a0d53
3416,70e9442b06
2398,65e2650a80
1702,ec649a86b2
2792,9ca11c3696
316,fbf73cb975
1239,9718102ef6
2335,6b95bc6c5f
1820,1b2daa0f13
466,f52c144f24
876,aabb4516d1
22,b28690f7ad
1112,f7dc2b2c9a
3383,395e668f22
2231,5fd8ed2395
3159,b345b1f290
1292,89ba98210c
2835,bd51537256
1926,4c89e94e36
2357,3862950849
3437,94c2d96e56
2159,e880e84886
2185,fb9b58527c
2643,53b480e29f
2928,a89fc2586a
1947,8ef76ed16e
3012,804fcfaf4b
2804,36db23ceb8
3913,bf00a0ab71
1027,0389fc6012
458,5423d6049c
32,d8f80479ac
421,4f6328bf93
89,5fe599e1a5
747,fdc06fea10
3715,5ff89814f5
1680,f9629f4e29
512,761eaf3fa4
1487,3ed6168b22
2437,10e835f9ab
755,ef29bdffc6
1079,923473085f
1397,3a068284ed
691,923249032c
3494,54a3636ba6
2442,d14db20055
1854,903180c447
2007,8824cdcbf0
2364,c5327d784b
469,87c6bf0012
3040,4d04dcd959
2724,1770691c51
3967,20658e781f
451,26a76b910c
2882,2fa330e8fd
2573,3531c9193f
1406,ca0d3ea2f5
1398,299ba3cf34
3517,97970b5e2c
2410,1751290ca2
2111,e865014246
1414,fc1ca2fbc8
2419,dae96d99b2
27,bf72590547
566,f34ae8f3d4
1040,26382e2d1f
891,b1be1fa682
2982,6d03f91961
1425,6ef46555e2
1902,ac03463615
3725,bedb558d15
1486,891fa63295
3837,948d73d7c2
404,84242f42bc
2661,4864559ba5
1537,16207869ba
2320,868e7a70ae
3661,47aba1e35c
65,ab5fe4fea8
970,1c37e37fbf
798,9b656c339a
1003,cc876896b5
3167,a3bea8f266
131,6a1783be17
997,f328eccbf3
1733,759b3aaa22
1311,4b3502ca99
1357,d2f131dba8
686,40fbc03558
397,b33d57c4be
2518,1268fbf8c2
1229,5f1aa014c5
2384,d3034e7a60
782,608567ed23
1461,444c32935c
2214,6ddd6a2ec1
2195,6d55cabc8d
573,59b1bac5d5
2644,697af33de9
3315,c68ee0308f
1987,f9fc7746fb
2155,d2aa4238f7
3482,fdff017e77
1269,b8f76a8e5f
1514,430ef30e87
3078,a4e5b9902b
1324,f57e741b5b
45,9f54d7807c
2641,2993a272be
420,418a13df5c
1120,fdb7d132be
640,0977568b54
427,2da763222e
2294,1d2382ac3f
1148,980570ed7e
1559,ad29bc8923
2197,d353a74b66
1309,6c793e5879
3929,9dc604318f
1603,4fbda008c7
277,44efef9c4f
1686,caa039b231
3151,e4be64c1fb
3064,428a877104
1449,a701844e9a
3380,a774562f5e
3014,4b15912a41
3972,e4d9d1178c
744,3276e900a7
127,eb91416afe
2754,3c6fe4b7ba
3026,33dfe8b243
1339,29df15c1ce
1644,1b5c4051d4
1679,ebf89446f2
200,6545c6235b
3792,e0dade9896
1609,71f724c7ef
1917,b6bbd06618
2662,f1d488759e
1653,8367b54eac
3207,e6e3e58c43
1625,6348c487a4
2263,4b9b8c2e44
1032,0558ee87d3
1906,c4adb6e891
2708,b77cc54800
1910,069035a9b5
2901,ab18a0a7fa
633,53c79255ba
3974,570d1da727
58,9d173ec22a
2436,4be85a3110
3736,58de316918
1455,42b9ff31aa
2181,68d00224e0
3028,6dba47cc58
2922,e642037975
2011,21e1d6e38d
1532,25a9f40814
2014,d468d401ab
2091,962348be7a
1800,63d3cf63be
1691,5d07e84138
318,5468ed796d
558,bcbe3c0ee2
1683,a1526d3c6e
444,565f9c3fce
3321,a93c251217
1109,d70a2f1f23
3092,d4d964f62d
3024,fb903c3b68
1676,6e409af2cb
1219,0b73b427d1
3326,59ceec4f7c
3976,54e2419450
2056,c026a17632
3639,213e0a9f7b
3001,403cb8f4b3
695,91127f8cc2
2639,60b3d0d613
2199,43001d32e7
7,164873b51f
1739,3a690dbd1b
2798,b13f0dbc84
2105,3bbf82fc28
3671,b1f0e104f5
206,76e1428103
464,7053b28de2
1564,72ef4718f3
1284,e099e54eee
932,e82b7a2abb
1851,e73ed6e7f2
3557,853e89d0d3
3988,1804b11f9a
2055,49f22705ea
3991,b2c6b8cf57
2235,fde2b51fb2
3428,519cc2a871
2010,ee0be71990
2380,3c2ea1a63f
2349,1d955f8103
3790,fff6522bd1
1384,36e68393b6
1749,1925c11fce
3781,974f5b6876
314,ade746d346
1463,de95e861ac
705,c100d07aa9
2297,a7000441e9
2313,0473e496e2
57,697f80cece
202,2a070f3dc6
3197,f2d2fefde3
2993,19fdb270d6
49,0ee8a744eb
241,21d01a8e82
195,0a1742c740
2930,0d3b5ec2a8
1179,d97f94a2dd
2853,894b9ae774
2032,1986fcadda
402,10f3d01ddb
3745,6e1bb2e64a
3168,64bfdd0b9a
3854,8ee20f502e
417,6e691f1825
685,e2d3957c95
3953,0ba541766e
2048,d3f2336daf
2826,04cd9599a3
3082,4c36178b41
1304,5155ad847f
2110,feadf0e85d
1265,a8503e0dc8
2342,1fec8e839a
3898,a970e82aac
0,2c45b152f1
2880,42d64f2d78
2739,f0228a88de
263,376e55e566
1636,be565e046b
929,1439570aec
2761,40a7f422e2
2550,d30e73de0c
740,084d3ed9c8
1819,ee48914076
2997,c756ff4e1f
2979,3072ae3119
230,08173ef66c
2018,4c4556fff0
2846,2444e83809
3604,84eb2c400b
1204,ea1332b03d
3720,5b8dc086ff
2158,e86361f5d1
1649,6493c2cbab
2768,87986259f0
1575,641ef8ba11
1788,70a32506ab
626,e45c509f80
121,76c76f8056
2606,5c9326f1e4
2282,b7c1e2a377
3564,f454efbd20
3341,6b377327b1
2467,4f02bab289
3073,ab82b9e44e
983,963189b39c
290,964030c032
306,7488e076ca
1259,690281a93d
3692,569f85c4ce
2547,5691530ff4
1511,07ac7e530f
327,8e280f2c87
537,11518835a4
3334,1f73caa937
1923,b240778420
2122,c2e9f328e3
1934,849ccdf3af
617,c80f09bee6
191,30e5cfec08
666,4edadcf4c4
3445,29c033e8e4
2144,e7ee2c6dce
3486,fbf5c91d9e
36,c230cf2a94
1651,8bf499cb0c
2652,70db04a203
3585,c74ef130f0
1278,f4f0fd932e
1587,e37b8208fa
1428,15d76f1672
1963,92107f9559
924,848c9d1a6a
529,5701bbfe46
893,30082e87d9
987,23eb8cfbc0
1448,ee94d2281f
2785,358b9acfb5
431,1c9fa3dff4
1104,573f9f58c4
1657,fb81781b44
3359,6dea52e54d
3716,26ae98fddb
258,c673bebe29
2584,5103df3d79
3627,6e3bb2a882
1262,6bffabbd91
3700,a15eff2958
261,9fbd3ca3b5
3815,e813f3d1bf
1385,fb1b82dde6
679,2717821409
613,40ccdfe09d
1980,768d5f7ade
72,82e88d973f
3052,9f2e5a8c24
1759,37251064bd
1670,84e23dba29
1624,39dd1c43bd
80,e843caea8f
392,527c3abd5f
3870,f4feed1635
2077,a3e0a0c779
3688,ebff5f719e
1779,74d7a9df8b
489,400e66f34e
2118,976fcded4d
2476,9842f69f8d
1353,57904adf94
1920,f06ef6c8b7
808,aeb36c1964
698,9bf022776e
1844,941d0865da
3701,91a0ac314c
969,93f8f9e663
360,370763b8a9
2691,69bb149e2d
3008,5f1df5e4a8
24,77415e7cda
1390,6f78817a2d
2027,82c316179b
1897,c98504a8ab
3175,f19b7d20bb
3968,a2b7af2907
3584,c6648ea2ca
1518,68bad6a787
1699,d308ec69d3
541,13483cd62a
3412,5a7a933a05
1325,0c6ec35477
3730,77420e5628
271,f30e47cb36
1857,b09f0e743d
3436,b5893fc541
3795,c9695bff51
3971,886c96ffb8
2061,492383a53b
3317,36bc8044f8
1343,f1b1f57aee
1497,9a71e8563b
2037,a4ae0c0e35
2731,8d73c4f678
1810,1017084680
2630,99ee31b5bc
3917,9747413253
2986,cc216a861c
2184,a3605816c1
2071,a7b918d80e
1155,aeebdd4350
3928,0115703825
857,533a731c99
2193,fd63516ff4
1495,3cf0203cfb
1496,66e922c8d6
502,623565cb2c
3260,96998d1ad9
2551,c0ef23e386
2107,a91bd88bc1
3155,5fe333fd26
215,91dfba8133
1126,f0dc7e30fc
712,7c61d788af
2626,9c5c26e2ba
606,74d574653f
315,acb95dd7c9
1328,bec8f132d0
1873,9daa6c133f
895,be4db8ff8a
383,5ffd928d1e
217,4a27de03fc
2552,b33771a471
654,9667824566
1356,f712d8b870
950,70e5bd9d27
1458,ed60e1c64a
1652,56ced19ad6
1159,1b2c817dd0
3116,24cb80b5da
247,b40844d201
1479,3f9df26c0c
2674,fbcd92f03f
3552,95d3841a53
657,b76760a4a1
952,e875c9a960
2063,0f3118527c
3678,877f9dd0a7
703,1d685060b2
2946,7268aedee7
1439,6a89c7a85d
675,bc811e2c1f
1880,308a9348e0
3940,62df3565cd
627,52e7de7430
534,d204ea9f09
37,2388b3eb40
526,25e4b6fd77
1867,289af097b0
1815,c352f6069b
1687,a86acaf330
3244,c56524ded9
185,c61e0f2507
3957,ee3b4b8c91
2660,60698e8fd2
2,e185ab5dc1
128,f3ee165cd0
5,aae8971d6e
2272,5081bad441
2486,1aef65e24b
1338,ed081aa065
1473,3c35e3ad94
1121,dcbb6474ee
1379,999ae650f6
2563,08dc3c9a23
656,dd11ae96e3
2073,48b63017da
3468,19902af6bd
661,ebe64e1d15
3750,7582c0b2e9
926,b461a5b584
3647,09e29fbb74
2400,7d87ab4aa8
863,71c0fd5516
3308,4630209118
462,1f9dcb9a1f
2855,78299d7a47
3999,f30c36bf6b
1313,065ce5590e
1021,130229ec15
1185,1a37af90c1
3356,2fe186a2c6
1626,9a9ff1beca
1319,2bd913a165
3280,e4159ed1de
564,eaefc56247
3221,ce14d335bf
877,ec212b3d2d
1884,1414606ab4
1690,d7398cfded
226,103713e20d
524,052de39787
3729,7f3e8a8526
1236,d45b4f3b85
1795,8c9a0ea088
2480,6397715bb4
3170,2af008d773
26,cde14bb8d2
249,3ee1cfb6a6
77,5f8f40ce31
2163,0898e36ee6
1541,9ea0525027
3374,ab72556c51
1648,31b1314c62
2736,107f1047c1
3038,ec50263c20
2809,7738fbabca
2402,f7380099f6
2401,b448f0fae6
270,9ca1ebe351
2589,febd1d2a67
2216,7074e402ca
69,7c99d1c1eb
3003,24c102ca1f
113,81491224d7
1715,2e7921981a
2503,a7a87180a3
3986,d4d2ed6bd2
868,0762a99eb4
1011,8fd4178b11
887,3e1c11cfa8
3762,29ea4f92c3
3435,5fd2a3ef64
1165,2f35ac4b87
3579,44d745a704
2288,87afd4b1ca
3900,81c77c1b6c
3430,296de39be2
846,486ae46ba0
2275,53dab98a36
1747,71a7c521ef
3006,d390b1cbef
3173,a568cc8273
2818,884400b2e8
824,7a25e51377
3348,4ad8a63538
2623,cef03959d8
2125,af171a3570
1018,3c1097c378
2418,52fdbf981f
3232,fa56377e58
3015,58789490d6
920,ff24769ea3
897,e683e8ae69
2359,ddcb1ad560
218,5dfa4cfa2d
1640,4319885cf1
1098,185172060e
2227,c4a681819d
2267,e05db130be
293,24f27c4087
2461,18ea3802ca
819,2e69b6eb16
3893,cb68c2431a
2511,3598c246d7
3182,981f73e811
1604,2eae73b03a
2611,28f865caaa
2192,88a5c49514
2615,e73532b450
3081,939c88a964
2544,d059fcb2fd
2162,9260b4f758
3740,393f2db0b0
3614,c92c37ecd7
3753,7d0cea3489
522,cb2acfd639
574,bfbb9b9149
1785,9d98768f19
3469,dfe111dace
2989,855f399924
3577,2a16af2ae7
942,a78e36d77b
3195,d69556b746
3902,126f253739
3407,93a8901635
3591,7fc1ce1cb4
2529,026f97575b
122,5a6cd229a9
3747,4575e490e4
2405,7c41f727b9
14,62e72fe39a
74,ac90c088ee
3638,a0ea88f6a5
2256,f76c6bc5d0
2248,6a6ebb2255
2665,fcf61d1883
2465,8b11113861
1145,99f52af0ea
3565,b354751edd
2883,5c7f310937
100,c38e2a42e3
3269,f409d55fee
1641,b6520147bb
2527,fba32825cd
813,d2e14828d5
3459,c27409a765
1411,c20069b110
3387,b3ad13d9e9
1427,c7a92a6707
2339,e98557c9f3
1662,8ca267be2b
3143,09f0f1f414
1190,65d05b81c6
1381,a4932322ce
1077,d25a2d736a
1794,912b573a9e
214,4e47ff086f
2588,0cf7155eb6
3083,2f8b36c386
2366,aa21ba676c
3452,89a74723fd
3016,af84304233
3885,d9457c3b1c
1270,f362d474b7
2651,33887a0ae7
3162,65cb9cbc05
1462,6b2f7ba83d
1110,fb17f161d1
1206,a708e52d7c
3944,346358e652
1985,e2e4fcf83e
2015,c72b546073
3203,fc13dabcbb
2174,18f3626b0f
614,a8aeef5395
3656,f0efea3879
176,5446a64ba5
2362,93b51f6335
2302,b2f87059da
3799,a2a012f128
3033,9f4001d8ea
1403,55111519ec
1235,967d30a3fd
612,c023a62b96
2279,37ba215c62
3281,ac412e6d55
1709,edd5fc6648
1344,c112748161
3379,1804a4c064
130,1d9f4e875a
1026,8d89d465fc
3719,ad16edc8be
3062,a042e73fee
3250,367c6fb412
2154,1c8f6881ac
2337,8c976149d0
2044,3404341cc6
3289,d453812357
2774,7568a9474e
937,f870e41e88
3449,d3c9529867
1051,0c19639aeb
3248,b2d02516e1
1135,6074c5b0bf
3714,e0b778dacd
423,8f5af7f42a
3091,ddcb457a07
2191,abd1e3e008
2918,5a02df7676
3336,a6a3383416
1892,5489419bef
2567,a33ef5ed68
542,10833853b3
659,a076699b79
1314,60b7303d20
2864,361d5e6834
1523,55a49950a0
3148,c307912941
3637,44047c3e10
63,e799fcac15
3112,bbf6b192be
1085,4ce60abe5f
2884,4ff5c5ef47
2734,2f00b33427
1370,56ac5605d2
2093,f9ef613aec
2458,ccd6841e90
3063,1bfe4907c1
3727,7f30236ca4
1383,b94a5b0bda
2988,91bfe61493
1592,2f746f8726
2298,db1aa8e608
3861,efec1f093e
169,83be4b6836
1896,6dc7a51dd9
2921,0dcf4a11a6
1267,4e4cadf03f
2170,eb4fa16734
1101,a12d2c10a9
23,0c02f95a08
751,86866ba71d
1824,c23090da64
2542,d967181724
1547,c00c4b8814
2642,7f2642a14a
2554,1ca865b041
1054,022b1b01be
1806,729c382e20
137,5f8b4540fd
1038,fa59461848
732,6dfaae4996
628,86c1109730
1416,b355ed119c
2008,97e2c6b5c5
3808,7019c22c5e
3375,29b5ee6cf5
260,8d4ba8fd28
682,96857148ca
3273,75efad62c1
2301,595deae139
2087,28948eeb9c
1368,7b815ae7fb
2376,cffbfab33b
3431,76b4df03dd
3610,c824b8afaa
1665,aa791ce59a
2971,7812fc8116
3392,7e58c5a1f6
1631,0461a2fb30
3202,0589f557d7
1862,df3a1c2d7b
328,d944700bae
3152,6c557220d3
1198,d369e6b550
1354,fcb49356a5
461,930c8dd0e4
862,c4ee594685
2669,753371cca5
1643,26281da345
1224,7c0b76979f
2500,fd0d237b01
1045,8d141a0b7a
181,fc6e9d0385
3464,f3356c9ee4
559,939232310f
3185,b35b1b412b
83,1c6237ae58
2147,8c88cf3d22
3525,e4c8dc59fa
3606,27f6632fd1
3562,9a478d8cf2
3106,d26e890704
2535,c901f669f8
2456,b8a9602e21
3036,8c9b19f267
2157,ff8bf1417c
478,fb44090bc7
2482,14da113475
3782,b890b261a0
3262,62aad7556c
2539,999cb0ea3b
3476,fa9ad1caeb
3690,ca6bdbc405
2533,e54c815e85
1420,6457057cec
3114,ca82310ee1
1028,7a2eebff84
3710,ddd3099877
2608,d2b77b255b
180,b964244dfd
3335,851498c095
1002,08c2070b20
1253,548887f17d
1504,2da9564e53
913,23e5717c0f
2148,5b2282b51e
1796,24bf79cd1e
1134,ca2e414e83
834,2be45a7fa3
2805,d8b2dc2e8a
1260,c47c5ea1c3
3824,48a18f5386
1472,9dde6475f9
2229,be9ce6a9d7
2649,3b5c0e9308
418,1d9bc2591e
2115,de7202d286
1438,f59821d067
3728,3edc3edf92
1421,f21593cfa8
3087,ca84b9e8d4
3677,cb7cd324a5
1767,9ccf9ff1c3
2062,23b7bf14c5
2740,f170afca54
916,809ce44053
282,ec857f4518
2585,1abe5e8a3d
429,dbb4b51e4a
1841,23c72b10cb
1708,c50ba562ef
2395,8adaa82868
1106,d93d713c55
3194,65a55b69b7
3566,4d6121dae0
2806,2c707479f9
516,da5ab3d506
2072,a266a2a9df
1114,e340e7bfca
2310,3a3e1e824d
3211,64f41e36f2
511,16a9609841
1776,ea54256d21
676,74fa9386ae
2960,b8b3f26ad4
3138,08993551ae
1010,e10a1a3e81
2967,4875705fb0
3249,ac6055e7ce
2228,55e9012561
638,f7d4d6fb0d
1740,36b768bfa7
1266,6a3d92ce59
2777,ae11c7b131
766,06d3201dd0
3247,aba57f0f2c
1730,42758bb41a
2591,9bd58061d6
2900,1821c518da
2389,7d8b219e1c
727,40d96e8022
1087,34e51dba6a
3574,dfe230b677
430,e12aab98e6
520,432b8b6a71
717,894b5b40af
939,a826e5e6e5
3125,d7506a6a38
1261,4a39459597
2896,e0bde1cf11
227,a4fb7072d6
1064,de261976e6
3633,d17eee846e
1318,483b35d589
3345,93a0cb5111
1117,04f7a73f2b
3371,8ae916bb5c
3355,253ee294d9
387,6e72c79c29
2261,a7254b3aa6
2423,1263576548
517,e5b47aa145
3304,89097ab99b
1782,8b5d38c547
2387,fff987cdb3
359,668b41c03e
1912,7e67ef84e1
899,2f20c083c2
3899,a849a4e373
412,fe37eddf8e
531,5aa0015d15
91,7d963e0f5d
154,618f843c7a
2780,e7c54b5f4e
1797,b9bf0422a6
1359,e2421eee13
3608,32273eef45
279,58d62862fa
3538,6caec01e67
2709,aede306d15
2684,d9e45a7fab
86,fb3392fee0
641,6f79e6d54b
494,ee5c6d6639
1688,ef6229f0db
1737,25f532d7cc
1637,1cb9549d2c
3676,a35ba23a41
1918,734df57cdf
2741,b33b1f9db6
2787,a49edf33ae
501,fd998a993b
3997,26527458de
1352,47729d4ee5
836,db75c6831e
62,a19163fc11
1505,1d2c8152bd
1316,f566a7cbc6
1823,f7b1bd7c8a
3772,6272ae54bc
1620,70c7bb7616
1837,ea2f1fa62f
2219,8ec207d7df
788,28553d5d42
287,e0b6a1211f
2940,fe801cdc47
1350,8023f35b58
157,3c66e5ab54
66,96d917e53d
2024,e8757626a1
2468,da02c9184d
3603,f992390442
3998,25fb3a895a
3391,2596227117
1922,7fadb8efe8
737,617c746fca
